lambda [nm],A0,G0,M0,M5,Tsky,Mirror
500,0.72193,0.556265,0.409828,0.374307,0.854952543,0.918934
505,0.708234,0.55698,0.422488,0.388232,0.856647767,0.918621
510,0.694039,0.55758,0.435352,0.4024,0.861126347,0.918307
515,0.679513,0.558102,0.448351,0.416729,0.86449443,0.917993
520,0.664489,0.55851,0.461555,0.4313,0.86699171,0.917679
525,0.649133,0.55884,0.474894,0.446033,0.86791984,0.917364
530,0.633279,0.559055,0.488437,0.461009,0.868087373,0.91705
535,0.617092,0.559193,0.502117,0.476146,0.870318192,0.916735
540,0.600408,0.559216,0.515999,0.491526,0.873106962,0.91642
545,0.581754,0.559286,0.530132,0.502651,0.874499641,0.916105
550,0.565878,0.558992,0.544241,0.52285,0.876342093,0.915789
555,0.557254,0.558044,0.557958,0.563658,0.877648932,0.915394
560,0.551524,0.556723,0.571643,0.613855,0.877417829,0.914999
565,0.54404,0.555432,0.585562,0.660376,0.876258802,0.914604
570,0.536291,0.554009,0.59967,0.70777,0.874122408,0.914208
575,0.528366,0.552497,0.613902,0.755747,0.872927374,0.913812
580,0.520177,0.550852,0.628322,0.804596,0.877727891,0.913416
585,0.511812,0.549118,0.642866,0.854028,0.88495683,0.913019
590,0.503183,0.54725,0.657599,0.904333,0.885627437,0.912622
595,0.494378,0.545294,0.672457,0.955221,0.886342824,0.912224
600,0.485309,0.543205,0.687502,1.00698,0.887412078,0.911826
605,0.476064,0.541026,0.702672,1.05932,0.889826967,0.911229
610,0.466555,0.538715,0.718029,1.11254,0.893831673,0.910631
615,0.45687,0.536315,0.733512,1.16634,0.897784068,0.910031
620,0.44692,0.533782,0.749182,1.22101,0.900533524,0.909432
625,0.436795,0.531159,0.764978,1.27626,0.901809103,0.908831
630,0.426406,0.528404,0.780961,1.33239,0.894124198,0.90823
635,0.415841,0.52556,0.797068,1.3891,0.908365779,0.907627
640,0.405012,0.522582,0.813364,1.44668,0.914268222,0.907025
645,0.392701,0.518903,0.830361,1.49178,0.917950995,0.90642
650,0.382737,0.516317,0.846393,1.56388,0.919503042,0.905816
655,0.378652,0.516485,0.859874,1.69709,0.923221658,0.905048
660,0.376993,0.517785,0.872353,1.85809,0.926740626,0.90428
665,0.373998,0.51845,0.885471,2.00806,0.929637525,0.90351
670,0.370897,0.519057,0.898706,2.16048,0.932281697,0.90274
675,0.367725,0.519624,0.91202,2.31454,0.934710809,0.901966
680,0.364448,0.520132,0.925451,2.47106,0.936838504,0.901193
685,0.3611,0.520602,0.938961,2.62922,0.903205434,0.900418
690,0.357647,0.521012,0.952588,2.78983,0.863603122,0.899642
695,0.354123,0.521383,0.966294,2.95208,0.932535072,0.898863
700,0.350493,0.521695,0.980117,3.11678,0.940820698,0.898085
705,0.346792,0.521968,0.994019,3.28312,0.943506505,0.897015
710,0.342986,0.522182,1.00804,3.45192,0.946278462,0.895945
715,0.33911,0.522357,1.02214,3.62236,0.944253688,0.89487
720,0.335128,0.522473,1.03635,3.79525,0.924158873,0.893795
725,0.331075,0.52255,1.05065,3.96978,0.929875393,0.892715
730,0.326916,0.522567,1.06506,4.14676,0.936739822,0.891634
735,0.322687,0.522546,1.07955,4.32538,0.949584421,0.890549
740,0.318352,0.522466,1.09416,4.50646,0.953177994,0.889463
745,0.313734,0.522737,1.1104,4.70942,0.954993165,0.888372
750,0.309436,0.522168,1.12364,4.87435,0.956075434,0.887281
755,0.306057,0.519748,1.12975,4.94695,0.957448974,0.885422
760,0.30301,0.516468,1.13278,4.98046,0.676576471,0.883563
765,0.2997,0.513501,1.1373,5.03389,0.695052946,0.881688
770,0.296306,0.510434,1.14177,5.08765,0.945552242,0.879813
775,0.292857,0.507301,1.14621,5.14163,0.959872356,0.877922
780,0.289325,0.504068,1.1506,5.19593,0.960732783,0.87603
785,0.285737,0.500768,1.15496,5.25045,0.961378032,0.874122
790,0.282066,0.497368,1.15928,5.30529,0.960113745,0.872214
795,0.278339,0.493901,1.16356,5.36035,0.961374411,0.870289
800,0.274529,0.490335,1.1678,5.41573,0.961990659,0.868364
805,0.270664,0.486702,1.17201,5.47133,0.962782143,0.868364
810,0.266715,0.482969,1.17617,5.52726,0.962152552,0.868364
815,0.26271,0.479169,1.18031,5.5834,0.939802402,0.868364
820,0.258623,0.475269,1.18439,5.63986,0.944652028,0.868364
825,0.254479,0.471303,1.18845,5.69654,0.942895145,0.868364
830,0.250253,0.467237,1.19245,5.75355,0.94715412,0.868364
835,0.245971,0.463104,1.19643,5.81077,0.962756879,0.868364
840,0.241605,0.458871,1.20036,5.86832,0.966599574,0.868364
845,0.23672,0.453917,1.20412,5.91932,0.968490843,0.868364
850,0.23268,0.450172,1.20812,5.98417,0.968765845,0.868364
855,0.230739,0.449394,1.21275,6.08066,0.969292475,0.870768
860,0.229665,0.449853,1.21764,6.19131,0.970184089,0.873171
865,0.228111,0.449649,1.22236,6.29599,0.97090619,0.875548
870,0.226516,0.449405,1.22705,6.40163,0.971508291,0.877926
875,0.224895,0.449135,1.23171,6.5079,0.971979026,0.880277
880,0.223233,0.448826,1.23635,6.61512,0.97221919,0.882628
885,0.221545,0.44849,1.24096,6.72299,0.972314725,0.884955
890,0.219816,0.448116,1.24554,6.8318,0.972224467,0.887281
895,0.218061,0.447715,1.25009,6.94125,0.956010702,0.889582
900,0.216266,0.447276,1.25462,7.05166,0.926945139,0.891884
905,0.214444,0.44681,1.25912,7.1627,0.947960096,0.895271
910,0.212582,0.446305,1.26359,7.2747,0.937653788,0.898659
915,0.210693,0.445774,1.26804,7.38733,0.938931643,0.901995
920,0.208764,0.445204,1.27245,7.50091,0.951150884,0.905332
925,0.206808,0.444607,1.27685,7.61513,0.961052298,0.908619
930,0.204812,0.443972,1.28121,7.73031,0.88301849,0.911906
935,0.202789,0.44331,1.28554,7.84612,0.732537347,0.915146
940,0.200726,0.442609,1.28985,7.96289,0.856935047,0.918386
945,0.198515,0.442283,1.29449,8.08182,0.807539841,0.92158
950,0.196507,0.441116,1.29839,8.19864,0.832747028,0.924774
955,0.195036,0.43806,1.30063,8.30897,0.858425528,0.926392
960,0.193772,0.434145,1.30212,8.41711,0.893029539,0.928011
965,0.19237,0.430575,1.30391,8.5273,0.916763889,0.929618
970,0.190938,0.426933,1.30564,8.63832,0.96004182,0.931226
975,0.189485,0.423242,1.30733,8.7499,0.94512815,0.932822
980,0.188003,0.419478,1.30896,8.8623,0.959560587,0.934418
985,0.186501,0.415666,1.31054,8.97524,0.972275091,0.936003
990,0.184968,0.411782,1.31207,9.08902,0.977376063,0.937588
995,0.183416,0.407849,1.31355,9.20334,0.978589375,0.939163
1000,0.181834,0.403843,1.31497,9.31849,0.978782395,0.940737
1005,0.180231,0.399789,1.31635,9.4342,0.979290702,0.941084
1010,0.178599,0.395663,1.31766,9.55072,0.979167797,0.941432
1015,0.176946,0.391488,1.31894,9.6678,0.979859074,0.941778
1020,0.175264,0.38724,1.32015,9.78571,0.98001775,0.942125
1025,0.173561,0.382944,1.32133,9.90416,0.980042922,0.942471
1030,0.171829,0.378576,1.32244,10.0234,0.980400575,0.942817
1035,0.170076,0.374159,1.3235,10.1433,0.980566091,0.943163
1040,0.168294,0.369669,1.32451,10.2639,0.980518702,0.943508
1045,0.166417,0.364761,1.32544,10.3863,0.980333447,0.943853
1050,0.164659,0.360521,1.32638,10.5072,0.979334756,0.944199
1055,0.163224,0.357955,1.32744,10.6234,0.977410278,0.944543
1060,0.161909,0.356072,1.32852,10.7381,0.974011701,0.944888
1065,0.160506,0.353796,1.32952,10.8544,0.971606005,0.945232
1070,0.159078,0.351475,1.33047,10.9714,0.974442267,0.945576
1075,0.157634,0.349124,1.33137,11.0889,0.978627573,0.94592
1080,0.156166,0.346729,1.33221,11.2072,0.97968664,0.946263
1085,0.154681,0.344304,1.33302,11.326,0.977965622,0.946606
1090,0.153172,0.341834,1.33376,11.4455,0.979540812,0.946949
1095,0.151646,0.339334,1.33447,11.5655,0.974283074,0.947292
1100,0.150097,0.33679,1.33511,11.6862,0.967388241,0.947634
1105,0.14853,0.334216,1.33572,11.8075,0.960734851,0.947976
1110,0.14694,0.331598,1.33627,11.9295,0.939365673,0.948318
1115,0.145333,0.32895,1.33677,12.0519,0.825783041,0.94866
1120,0.143701,0.326257,1.33722,12.1751,0.764142204,0.949002
1125,0.142054,0.323534,1.33763,12.2989,0.733746649,0.949343
1130,0.140382,0.320767,1.33798,12.4233,0.803876206,0.949684
1135,0.138693,0.31797,1.33829,12.5482,0.713945918,0.950024
1140,0.136981,0.315128,1.33854,12.6739,0.855223243,0.950365
1145,0.135156,0.312099,1.33861,12.8027,0.797275592,0.950705
1150,0.133498,0.309341,1.3389,12.927,0.841203882,0.951045
1155,0.132269,0.307286,1.33977,13.0398,0.86105357,0.951385
1160,0.131211,0.305507,1.34086,13.1481,0.913794011,0.951724
1165,0.130047,0.303551,1.34178,13.2594,0.955612964,0.952063
1170,0.128865,0.301561,1.34265,13.3711,0.966494218,0.952402
1175,0.127671,0.299549,1.34349,13.4833,0.965804093,0.952741
1180,0.126459,0.297502,1.34427,13.596,0.954384471,0.95308
1185,0.125236,0.295434,1.34503,13.7091,0.96969295,0.953418
1190,0.123994,0.293331,1.34573,13.8228,0.965154832,0.953756
1195,0.122741,0.291206,1.3464,13.9368,0.975192829,0.954093
1200,0.12147,0.289048,1.34702,14.0514,0.968570393,0.954431
1205,0.120187,0.286867,1.34761,14.1664,0.961497185,0.954768
1210,0.118886,0.284652,1.34814,14.2819,0.970030431,0.955105
1215,0.117573,0.282414,1.34865,14.3978,0.977694417,0.955442
1220,0.116243,0.280143,1.3491,14.5143,0.975028942,0.955779
1225,0.1149,0.277849,1.34952,14.6311,0.97730765,0.956115
1230,0.11354,0.275522,1.34989,14.7486,0.981717591,0.956451
1235,0.112168,0.273172,1.35023,14.8663,0.981320345,0.956787
1240,0.110778,0.270788,1.35051,14.9847,0.98085096,0.957122
1245,0.10929,0.268228,1.3508,15.1152,0.978972572,0.957458
1250,0.107956,0.265942,1.35097,15.2227,0.974777133,0.957793
1255,0.107008,0.264349,1.35095,15.2754,0.963230114,0.958127
1260,0.106216,0.263034,1.35082,15.3047,0.941036805,0.958462
1265,0.105332,0.261552,1.35069,15.3454,0.892942053,0.958797
1270,0.104435,0.260046,1.3505,15.386,0.871912245,0.959131
1275,0.10353,0.258524,1.35028,15.4265,0.939626635,0.959465
1280,0.102612,0.256978,1.35001,15.4667,0.968108158,0.959798
1285,0.101686,0.255416,1.3497,15.5069,0.979449371,0.960132
1290,0.100748,0.25383,1.34934,15.5468,0.980582832,0.960465
1295,0.0998017,0.252228,1.34895,15.5866,0.979023749,0.960798
1300,0.0988428,0.250602,1.3485,15.6262,0.977747942,0.961131
1305,0.0978757,0.248961,1.34802,15.6657,0.964487958,0.961463
1310,0.0968962,0.247295,1.34749,15.7051,0.960301724,0.961796
1315,0.0959084,0.245613,1.34692,15.7442,0.945913314,0.962128
1320,0.0949082,0.243907,1.3463,15.7832,0.939350524,0.962459
1325,0.0938997,0.242185,1.34564,15.8221,0.936012058,0.962791
1330,0.0928789,0.240439,1.34494,15.8608,0.876446326,0.963122
1335,0.0918498,0.238677,1.34419,15.8994,0.882383411,0.963453
1340,0.0908083,0.236892,1.3434,15.9377,0.872394212,0.963784
1345,0.0897077,0.234992,1.34261,15.9857,0.783937648,0.964115
1350,0.0886964,0.233264,1.34169,16.014,0.51654157,0.964445
1355,0.0879128,0.231978,1.34057,15.9967,0.305174744,0.964775
1360,0.0872199,0.230868,1.33932,15.9593,0.14443814,0.965106
1365,0.0864707,0.229649,1.33807,15.931,0.19313553,0.965435
1370,0.0857121,0.228412,1.33677,15.902,0.130660991,0.965765
1375,0.0849473,0.227162,1.33543,15.8724,0.305788327,0.966094
1380,0.084173,0.225894,1.33404,15.8421,0.262201639,0.966423
1385,0.0833924,0.224615,1.33261,15.8113,0.213519622,0.966752
1390,0.0826024,0.223317,1.33112,15.7798,0.346880481,0.967081
1395,0.0818062,0.222006,1.3296,15.7477,0.232612034,0.967409
1400,0.0810005,0.220678,1.32803,15.7148,0.334172259,0.967737
1405,0.0801886,0.219337,1.32642,15.6815,0.327501902,0.968065
1410,0.0793673,0.217979,1.32475,15.6473,0.402409684,0.968393
1415,0.0785396,0.216608,1.32305,15.6127,0.521715608,0.96872
1420,0.0777026,0.215219,1.3213,15.5773,0.500375226,0.969047
1425,0.0768593,0.213818,1.31951,15.5414,0.575898504,0.969374
1430,0.0760065,0.212398,1.31766,15.5047,0.552212546,0.969701
1435,0.0751476,0.210967,1.31578,15.4675,0.609069935,0.970028
1440,0.0742792,0.209517,1.31384,15.4296,0.608200154,0.970354
1445,0.0733573,0.207951,1.31189,15.3816,0.635978451,0.97068
1450,0.0725204,0.206576,1.30984,15.3519,0.693255382,0.971006
1455,0.0718966,0.205675,1.30769,15.3657,0.834497912,0.971332
1460,0.071359,0.204967,1.30544,15.398,0.84653809,0.971657
1465,0.0707704,0.204149,1.30317,15.4208,0.751525097,0.971982
1470,0.0701749,0.203318,1.30085,15.4433,0.707529403,0.972308
1475,0.0695749,0.202478,1.2985,15.4657,0.805728585,0.972632
1480,0.068968,0.201627,1.29608,15.4878,0.768097993,0.972957
1485,0.0683566,0.200766,1.29363,15.5097,0.852198192,0.973281
1490,0.0677384,0.199894,1.29113,15.5314,0.890572442,0.973605
1495,0.0671156,0.199013,1.28859,15.553,0.928549856,0.973929
1500,0.066486,0.19812,1.28599,15.5743,0.956211053,0.974253
1505,0.0658518,0.197218,1.28336,15.5954,0.948777289,0.974291
1510,0.0652108,0.196304,1.28067,15.6163,0.966623976,0.97433
1515,0.0645652,0.195381,1.27794,15.637,0.974862323,0.974368
1520,0.0639129,0.194446,1.27516,15.6575,0.980046413,0.974406
1525,0.0632559,0.193503,1.27235,15.6778,0.984782897,0.974444
1530,0.0625922,0.192547,1.26947,15.6979,0.986247877,0.974483
1535,0.0619239,0.191583,1.26656,15.7178,0.982461658,0.974521
1540,0.0612487,0.190607,1.2636,15.7375,0.984781041,0.974559
1545,0.0604931,0.189613,1.26059,15.7561,0.988648228,0.974597
1550,0.0598825,0.188625,1.25754,15.7762,0.990688493,0.974636
1555,0.0596206,0.187673,1.25448,15.8002,0.991136994,0.974674
1560,0.0595055,0.186728,1.25138,15.8257,0.991107409,0.974712
1565,0.0593136,0.185765,1.24823,15.8502,0.990741555,0.97475
1570,0.0591188,0.18479,1.24503,15.8746,0.954806394,0.974789
1575,0.058922,0.183808,1.24179,15.8988,0.950198472,0.974827
1580,0.0587222,0.182813,1.2385,15.9227,0.954961613,0.974865
1585,0.0585205,0.18181,1.23517,15.9466,0.986109091,0.974903
1590,0.0583159,0.180796,1.23179,15.9702,0.991164329,0.974941
1595,0.0581093,0.179773,1.22837,15.9938,0.990819172,0.97498
1600,0.0578998,0.178739,1.2249,16.0171,0.959016921,0.975018
1605,0.0576883,0.177696,1.22138,16.0403,0.950485234,0.975056
1610,0.0574739,0.176642,1.21782,16.0632,0.951448338,0.975094
1615,0.0572575,0.175579,1.21421,16.0861,0.980968595,0.975132
1620,0.0570382,0.174505,1.21056,16.1087,0.989507752,0.975171
1625,0.0568169,0.173422,1.20686,16.1312,0.99022893,0.975209
1630,0.0565927,0.172328,1.20311,16.1536,0.988694171,0.975247
1635,0.0563665,0.171225,1.19933,16.1757,0.986392387,0.975285
1640,0.0561374,0.170111,1.19549,16.1977,0.978776484,0.975323
1645,0.0559348,0.168979,1.19158,16.2388,0.975651661,0.975362
1650,0.0556724,0.167854,1.18768,16.2412,0.974105654,0.9754
1655,0.0552757,0.166764,1.18387,16.1536,0.981956013,0.975438
1660,0.0548185,0.165681,1.18008,16.0268,0.988456322,0.975476
1665,0.0543865,0.164581,1.17621,15.9183,0.96328131,0.975514
1670,0.0539501,0.163469,1.1723,15.8086,0.988683139,0.975553
1675,0.053511,0.162349,1.16835,15.6982,0.988658701,0.975591
1680,0.0530675,0.161219,1.16434,15.5867,0.985825493,0.975629
1685,0.0526211,0.16008,1.1603,15.4744,0.98444354,0.975667
1690,0.0521705,0.15893,1.15621,15.361,0.985819132,0.975705
1695,0.051717,0.157772,1.15208,15.2468,0.9842403,0.975743
1700,0.0512591,0.156603,1.14789,15.1315,0.986361797,0.975782
1705,0.0507984,0.155425,1.14368,15.0154,0.981936739,0.97582
1710,0.0503334,0.154237,1.1394,14.8982,0.979774859,0.975858
1715,0.0498655,0.153041,1.1351,14.7803,0.981064053,0.975896
1720,0.0493933,0.151833,1.13073,14.6612,0.980605697,0.975934
1725,0.0489183,0.150617,1.12634,14.5414,0.972796597,0.975972
1730,0.0484389,0.14939,1.12189,14.4204,0.968504847,0.97601
1735,0.0479567,0.148155,1.1174,14.2987,0.975873598,0.976049
1740,0.0474701,0.146909,1.11286,14.1758,0.970750665,0.976087
1745,0.0469492,0.145635,1.10824,14.0643,0.953220728,0.976125
1750,0.046487,0.14439,1.10366,13.9275,0.974380037,0.976163
1755,0.0461688,0.143228,1.09927,13.7339,0.954802805,0.976201
1760,0.0459101,0.142096,1.09493,13.5149,0.974082302,0.976239
1765,0.0456183,0.140936,1.0905,13.3066,0.927481423,0.976277
1770,0.0453237,0.139766,1.08603,13.0966,0.96296834,0.976315
1775,0.0450271,0.138589,1.08152,12.8856,0.928624536,0.976353
1780,0.0447276,0.137402,1.07696,12.6728,0.895670587,0.976392
1785,0.0444263,0.136207,1.07236,12.459,0.851777823,0.97643
1790,0.044122,0.135001,1.06772,12.2434,0.890965403,0.976468
1795,0.0438159,0.133789,1.06304,12.0267,0.789783007,0.976506
1800,0.0435069,0.132566,1.05831,11.8084,0.67295091,0.976544
1805,0.0431959,0.131335,1.05354,11.5889,0.630442444,0.976582
1810,0.0428821,0.130094,1.04872,11.3678,0.616742219,0.97662
1815,0.0425664,0.128846,1.04387,11.1455,0.504244046,0.976658
1820,0.0422478,0.127588,1.03897,10.9216,0.361365919,0.976696
1825,0.0419273,0.126322,1.03403,10.6966,0.51626912,0.976734
1830,0.0416039,0.125046,1.02905,10.4698,0.280911194,0.976772
1835,0.0412786,0.123762,1.02402,10.242,0.178978037,0.976811
1840,0.0409504,0.122468,1.01895,10.0124,0.104890363,0.976849
1845,0.0406154,0.121039,1.01377,9.74014,0.284514351,0.976887
1850,0.0402874,0.119855,1.00869,9.54946,0.213163408,0.976925
1855,0.0399805,0.119263,1.00389,9.55156,0.136580915,0.976963
1860,0.0396808,0.118919,0.999184,9.63616,0.258563242,0.977001
1865,0.0393744,0.118446,0.994378,9.67965,0.30035422,0.977039
1870,0.0390653,0.117967,0.989523,9.72324,0.057070237,0.977077
1875,0.0387545,0.117484,0.984636,9.76692,0.066789691,0.977115
1880,0.0384411,0.116997,0.9797,9.8107,0.373679539,0.977153
1885,0.0381258,0.116506,0.974733,9.85456,0.340436384,0.977191
1890,0.0378079,0.11601,0.969717,9.89853,0.372045821,0.977229
1895,0.0374882,0.11551,0.964669,9.94258,0.433495578,0.977267
1900,0.0371659,0.115006,0.959573,9.98674,0.163263772,0.977305
1905,0.0368418,0.114498,0.954445,10.031,0.114777682,0.977343
1910,0.036515,0.113985,0.949268,10.0753,0.345139813,0.977381
1915,0.0361864,0.113468,0.94406,10.1198,0.208131591,0.977419
1920,0.0358552,0.112947,0.938803,10.1643,0.389408416,0.977457
1925,0.0355223,0.112422,0.933514,10.2089,0.458536635,0.977495
1930,0.0351866,0.111891,0.928176,10.2536,0.40775604,0.977533
1935,0.0348492,0.111358,0.922807,10.2984,0.570561041,0.977571
1940,0.0345091,0.110819,0.917389,10.3434,0.492381878,0.977609
1945,0.034138,0.11028,0.911846,10.4,0.621325413,0.977647
1950,0.0338228,0.10973,0.906441,10.4335,0.619488906,0.977685
1955,0.0336423,0.109165,0.901438,10.4128,0.424845818,0.977723
1960,0.0335183,0.108589,0.896574,10.3686,0.559503381,0.977761
1965,0.0333644,0.108013,0.891589,10.3358,0.578663539,0.977799
1970,0.033209,0.107431,0.88656,10.3026,0.711747414,0.977837
1975,0.0330526,0.106846,0.8815,10.2691,0.866259806,0.977875
1980,0.0328947,0.106256,0.876397,10.2353,0.887487585,0.977913
1985,0.0327359,0.105662,0.871264,10.2013,0.923426359,0.977951
1990,0.0325756,0.105063,0.866086,10.1669,0.938741126,0.977989
1995,0.0324144,0.10446,0.860878,10.1322,0.894705614,0.978027
2000,0.0322516,0.103852,0.855627,10.0972,0.483123202,0.978065
2005,0.0320879,0.103241,0.850345,10.0619,0.30882568,0.978076
2010,0.0319228,0.102625,0.84502,10.0263,0.489536289,0.978086
2015,0.0317567,0.102005,0.839664,9.99047,0.44015105,0.978096
2020,0.031589,0.10138,0.834264,9.95424,0.592992742,0.978107
2025,0.0314205,0.100751,0.828835,9.91778,0.809573974,0.978117
2030,0.0312504,0.100117,0.823361,9.88096,0.910112457,0.978127
2035,0.0310794,0.0994799,0.817857,9.84389,0.947709064,0.978138
2040,0.0309069,0.0988373,0.812309,9.80646,0.937351524,0.978148
2045,0.0307348,0.098172,0.806614,9.76369,0.925547695,0.978158
2050,0.0305586,0.0975401,0.80111,9.73075,0.78232027,0.978169
2055,0.0303752,0.0969944,0.796124,9.72129,0.658015174,0.978179
2060,0.0301877,0.0964823,0.791331,9.72174,0.806471742,0.97819
2065,0.0300005,0.0959482,0.786396,9.71705,0.732231153,0.9782
2070,0.0298118,0.0954097,0.78142,9.71218,0.79507006,0.97821
2075,0.0296221,0.0948682,0.776419,9.70721,0.86056194,0.978221
2080,0.0294308,0.0943222,0.771377,9.70208,0.942471015,0.978231
2085,0.0292386,0.0937732,0.766308,9.69683,0.939786475,0.978241
2090,0.0290448,0.0932197,0.7612,9.69142,0.957096374,0.978252
2095,0.0288501,0.0926633,0.756065,9.6859,0.974825483,0.978262
2100,0.0286538,0.0921024,0.75089,9.68021,0.975351846,0.978272
2105,0.0284565,0.0915386,0.745689,9.67442,0.986584264,0.978283
2110,0.0282576,0.0909702,0.740448,9.66846,0.981884629,0.978293
2115,0.0280578,0.0903989,0.73518,9.66239,0.987520711,0.978303
2120,0.0278565,0.0898232,0.729872,9.65616,0.984256905,0.978314
2125,0.0276542,0.0892444,0.724538,9.64982,0.989732641,0.978324
2130,0.0274503,0.0886612,0.719164,9.64331,0.989982223,0.978334
2135,0.0272454,0.088075,0.713763,9.63669,0.993000904,0.978345
2140,0.027039,0.0874843,0.708323,9.62991,0.993841895,0.978355
2145,0.026822,0.0868793,0.702712,9.61856,0.99247042,0.978365
2150,0.0266227,0.0862926,0.697349,9.61597,0.984284244,0.978376
2155,0.0264672,0.0857562,0.692628,9.63401,0.986815803,0.978386
2160,0.0263296,0.0852385,0.688157,9.66087,0.984770743,0.978397
2165,0.0261817,0.0847067,0.68352,9.68333,0.980813748,0.978407
2170,0.0260326,0.0841709,0.678849,9.70579,0.987409951,0.978417
2175,0.0258828,0.0836324,0.674155,9.72824,0.982977277,0.978428
2180,0.0257317,0.0830899,0.669427,9.7507,0.986557358,0.978438
2185,0.02558,0.0825447,0.664675,9.77316,0.977245045,0.978448
2190,0.025427,0.0819954,0.659889,9.79561,0.988516521,0.978459
2195,0.0252733,0.0814434,0.65508,9.81807,0.987151812,0.978469
2200,0.0251184,0.0808874,0.650236,9.84053,0.941082054,0.978479
2205,0.0249628,0.0803287,0.645369,9.86299,0.971495579,0.97849
2210,0.024806,0.0797659,0.640468,9.88545,0.990241746,0.9785
2215,0.0246484,0.0792005,0.635543,9.90791,0.982589062,0.97851
2220,0.0244897,0.078631,0.630585,9.93037,0.981767488,0.978521
2225,0.0243302,0.0780588,0.625603,9.95283,0.979852192,0.978531
2230,0.0241695,0.0774825,0.620586,9.97529,0.976207908,0.978541
2235,0.0240081,0.0769036,0.615546,9.99775,0.974388162,0.978552
2240,0.0238455,0.0763206,0.610473,10.0202,0.971155602,0.978562
2245,0.0236742,0.0757087,0.605224,10.0571,0.957440934,0.978572
2250,0.0235176,0.0751453,0.600244,10.0651,0.970915783,0.978583
2255,0.0233973,0.0747018,0.595946,10.0059,0.947985024,0.978593
2260,0.0232919,0.0743076,0.591919,9.91746,0.942349038,0.978603
2265,0.0231781,0.0738851,0.587722,9.84303,0.958906335,0.978614
2270,0.0230633,0.0734595,0.583496,9.76808,0.93525885,0.978624
2275,0.022948,0.0730318,0.579251,9.6928,0.929400182,0.978635
2280,0.0228318,0.0726011,0.574977,9.617,0.963185722,0.978645
2285,0.0227151,0.0721682,0.570683,9.54087,0.930647313,0.978655
2290,0.0225974,0.0717323,0.56636,9.46422,0.929745564,0.978666
2295,0.0224792,0.0712942,0.562017,9.38723,0.930275089,0.978676
2300,0.0223601,0.0708531,0.557645,9.30974,0.915372347,0.978686
2305,0.0222404,0.0704099,0.553254,9.2319,0.924373586,0.978697
2310,0.0221198,0.0699636,0.548834,9.15355,0.963035051,0.978707
2315,0.0219986,0.0695151,0.544394,9.07486,0.918979773,0.978717
2320,0.0218766,0.0690636,0.539925,8.99566,0.894847096,0.978728
2325,0.021754,0.0686101,0.535437,8.91612,0.951907416,0.978738
2330,0.0216305,0.0681534,0.530919,8.83606,0.942000527,0.978748
2335,0.0215064,0.0676946,0.526382,8.75567,0.947484778,0.978759
2340,0.0213814,0.0672327,0.521816,8.67477,0.896696781,0.978769
2345,0.0212558,0.0667516,0.517084,8.58979,0.913285558,0.978779
2350,0.0211295,0.0663017,0.512615,8.51177,0.857559133,0.97879
2355,0.0210029,0.0659299,0.508804,8.45078,0.90000078,0.9788
2360,0.0208756,0.0655897,0.505258,8.39682,0.9211653,0.97881
2365,0.0207477,0.0652307,0.501552,8.3389,0.940078441,0.978821
2370,0.0206189,0.0648693,0.497821,8.28059,0.785777116,0.978831
2375,0.0204895,0.0645061,0.494074,8.22203,0.900216055,0.978841
2380,0.0203592,0.0641404,0.490303,8.16308,0.91920369,0.978852
2385,0.0202284,0.063773,0.486516,8.10388,0.862587387,0.978862
2390,0.0200967,0.0634031,0.482704,8.04429,0.882807176,0.978872
2395,0.0199643,0.0630315,0.478876,7.98444,0.904933843,0.978883
2400,0.0198312,0.0626574,0.475024,7.92421,0.949556332,0.978893
2405,0.0196974,0.0622816,0.471156,7.86373,0.887438355,0.978903
2410,0.0195628,0.0619032,0.467264,7.80286,0.902404813,0.978914
2415,0.0194275,0.0615232,0.463355,7.74174,0.850540561,0.978924
2420,0.0192914,0.0611407,0.459422,7.68022,0.83785794,0.978934
2425,0.0191548,0.0607564,0.455473,7.61846,0.905337322,0.978945
2430,0.0190172,0.0603697,0.4515,7.55631,0.974821721,0.978955
2435,0.0188791,0.0599812,0.447511,7.4939,0.724044319,0.978965
2440,0.0187401,0.0595903,0.443497,7.43111,0.978334945,0.978976
2445,0.0186005,0.0591976,0.439467,7.36807,0.804559193,0.978986
2450,0.01846,0.0588024,0.435413,7.30464,0.764956513,0.978996
2455,0.018319,0.0584056,0.431343,7.24095,0.886461383,0.979007
2460,0.0181771,0.0580061,0.427248,7.17687,0.959787811,0.979017
2465,0.0180346,0.0576051,0.423138,7.11255,0.850352779,0.979027
2470,0.0178912,0.0572015,0.419003,7.04784,0.787611713,0.979038
2475,0.0177472,0.0567962,0.414852,6.98287,0.814448941,0.979048
2480,0.0176024,0.0563883,0.410676,6.91751,0.759094658,0.979058
2485,0.017457,0.0559788,0.406485,6.8519,0.712879885,0.979069
2490,0.0173107,0.0555668,0.402269,6.78591,0.599319928,0.979079
2495,0.0171636,0.0551525,0.398031,6.71957,0.626977772,0.979089
2500,0.017016,0.0547368,0.393781,6.65303,0.826931477,0.9791
2505,0.0168685,0.0543212,0.389531,6.58649,0.537087062,0.97911
2510,0.0167214,0.0539069,0.385293,6.52014,0.614679207,0.97912
2515,0.0165752,0.053495,0.381079,6.45418,0.367936648,0.979131
2520,0.0164303,0.053087,0.376902,6.3888,0.558697563,0.979141
2525,0.0162871,0.0526841,0.372773,6.32418,0.352899438,0.979151
2530,0.0161462,0.0522874,0.368705,6.26053,0.238527795,0.979162
2535,0.0160078,0.0518984,0.364709,6.19803,0.180123969,0.979172
2540,0.0158726,0.0515181,0.360798,6.13687,0.289521985,0.979182
2545,0.0157408,0.0511481,0.356984,6.07725,0.070483697,0.979193
2550,0.0156129,0.0507894,0.35328,6.01936,0.063590865,0.979203
2555,0.0154894,0.0504433,0.349696,5.96339,0.219535699,0.979214
2560,0.0153708,0.0501112,0.346245,5.90954,0.08287891,0.979224
2565,0.0152574,0.0497942,0.34294,5.858,0.021357856,0.979234
2570,0.0151496,0.0494937,0.339793,5.80895,0.007075955,0.979245
2575,0.015048,0.0492109,0.336815,5.7626,0.000393087,0.979255
2580,0.014953,0.0489471,0.334019,5.71913,0.007728842,0.979265
2585,0.0148649,0.0487035,0.331417,5.67873,0.000141662,0.979276
2590,0.0147843,0.0484814,0.32902,5.6416,0.000630177,0.979286
2595,0.0147116,0.0482821,0.326842,5.60793,5.90E-08,0.979296
2600,0.0146471,0.0481068,0.324894,5.57791,0.002035097,0.979307
2605,0.0145914,0.0479568,0.323188,5.55173,3.34E-06,0.979317
2610,0.0145449,0.0478335,0.321738,5.5296,0.000298329,0.979327
2615,0.0145081,0.0477378,0.320552,5.5117,2.07E-05,0.979338
2620,0.0144812,0.0476713,0.319646,5.49821,6.93E-05,0.979348
2625,0.0144649,0.0476352,0.319032,5.48933,0.002473802,0.979358
2630,0.0144595,0.0476307,0.318719,5.48526,8.01E-06,0.979369